pName,pAddress,pCity,pState,pZipcode,pCardType,pCreditCardNo,pCreditCardMonth,pCreditCardYear,pNameOnCard
Test1,Add1,Pune,Maharashtra,12345,Visa,123456,10,2025,Test1
Test2,Add2,Pune,Maharashtra,12346,Visa,123456,11,2025,Test2
Test3,Add3,Pune,Maharashtra,12355,Visa,123456,12,2025,Test3
Test4,Add4,Pune,Maharashtra,12345,Visa,123456,11,2025,Test4
Test5,Add5,Pune,Maharashtra,17345,Visa,123456,4,2025,Test5
Test6,Add6,Pune,Maharashtra,12345,Visa,123456,5,2025,Test6
Test7,Add7,Pune,Maharashtra,12845,Visa,123456,6,2025,Test7
Test8,Add8,Pune,Maharashtra,12345,Visa,123456,7,2025,Test8
Test9,Add9,Pune,Maharashtra,12345,Visa,123456,8,2025,Test9
Test10,Add10,Pune,Maharashtra,12345,Visa,123456,9,2025,Test10
